,url,summarised_content
0,https://www.channelnewsasia.com/sport/djokovic-pain-free-he-prepares-return-dubai-3308036,"['""I haven\'t felt pain on the court for a week.', '""After every injury it takes time for mechanisms to be balanced, for adjustments to be done on court.', '""It\'s surreal to be that many weeks number one, to match Graf - one of the all-time greats,"" Djokovic said.']"
1,https://www.channelnewsasia.com/sport/future-looking-bright-manchester-united-ten-hag-delivers-silverware-3307216,"[""A sixth League Cup triumph ended the club's longest wait for a trophy since 1983.And the season could still get better."", 'They are in the fifth round of the FA Cup, the last 16 of the Europa League after knocking out Barcelona in midweek and in third place in the Premier League and not out of the title race.Ten Hag experienced some difficult early days.', 'A 4-0 hammering at Brentford in August had some predicting he might be out before the leaves fell off the trees and then there was a humiliating 6-3 defeat at Manchester City.Since that drubbing at The Etihad in early October, United have lost only twice in all competitions, forward Marcus Rashford has turned into a world-beater and the signing of midfielder Casemiro has looked like a stroke of genius.A defence built around the terrier-like Lisandro Martinez and the cultured Raphael Varane snuffed out Newcastle on Sunday, winger Antony is becoming a fan favourite and even old-fashioned centre forward Wout Weghorst, a puzzling signing at the time, looks as though he would run through brick walls for Ten Hag.']"
2,https://www.channelnewsasia.com/sport/clinical-manchester-united-win-league-cup-heartbreak-newcastle-3307061,"['""For me it was about winning trophies and finally we did it.', 'I am satisfied but I want more.', 'I want much more.']"
3,https://www.channelnewsasia.com/sport/klinsmann-named-south-koreas-head-coach-3308881,"['""I know that the Korean national team has been improving and achieving results over a long period of time,"" Klinsmann said in a statement.', '""I am honoured to follow in the footsteps of the great coaches who have led the Korean national team, from Gus Hiddink to my predecessor, Paulo Bento.', '""I look forward to doing my utmost to help the team achieve success at the upcoming Asian Cup and the 2026 World Cup.']"
4,https://www.channelnewsasia.com/sport/spurs-beat-chelsea-2-0-pile-more-misery-potter-3306836,"[""LONDON: Tottenham Hotspur beat Chelsea 2-0 in the Premier League on Sunday (Feb 26) with second-half goals from Oliver Skipp and Harry Kane keeping Spurs in the hunt for a top-four finish and extending the Blues' miserable run under coach Graham Potter.Seconds after the break, Skipp picked up a clearance by Chelsea's British record signing Enzo Fernandez and fired in from more than 20 yards, his shot going in off the bar after Kepa Arrizabalaga could not get enough of a hand on it.Kane secured the three points for Spurs when he pounced at the far post after a corner by Son Heung-min was flicked on by Eric Dier in the 82nd minute.Chelsea, who failed to score for fourth time in five league games despite spending around 300 million pounds ($358 million)on players in January alone, failed to create any clear-cut chances to get themselves back into the game.The win - the first for the hosts in nine league games against Chelsea - kept Spurs fourth in the table, four points ahead of fifth-placed Newcastle United who have played two games less.Chelsea sit in 10th position, 14 points behind Spurs."", ""Potter's side have now won only two games in their last 15 in all competitions.""]"
5,https://www.channelnewsasia.com/sport/psg-romp-3-0-win-over-marseille-thanks-mbappe-messi-double-act-3307281,"['""We were aggressive, we put intensity into the game, that\'s what we\'d been missing,"" said PSG centre back Sergio Ramos.Marseille coach Igor Tudor said he did not regret his side\'s high-risk approach.', '""Why should we have changed our way of playing?', 'His presence made it more difficult for us to play our game but we were not going to change it.']"
6,https://www.channelnewsasia.com/sport/la-liga-leaders-barcelona-suffer-shock-defeat-almeria-3307121,"['Rodrigo Ely then missed a sitter from close-range, sending wide a header from a corner when he was all alone in the area.', '""We were not good and wasted a great opportunity in a match we could not afford to lose after what happened to Real Madrid.', '""It was a golden opportunity today and it ended with a really bad day for us.']"
7,https://www.channelnewsasia.com/sport/inter-title-hopes-fade-more-misery-bologna-3306706,"['""An incredible match in which many things happened.', 'They cancelled a goal for us, we put Inter down by playing really well and we are satisfied,"" Orsolini told DAZN.', '""In April last year, Bologna recorded a 2-1 home win over Inter, which gave the Nerazzurri\'s rivals AC Milan the momentum in the title race.']"
8,https://www.channelnewsasia.com/sport/ighalo-hits-four-al-hilal-storm-asian-champions-league-final-3306951,"[""Defending champions Al Hilal crushed Qatar's Al Duhail 7-0 at Al Thumama Stadium in Doha on Sunday to secure their place in the final of the Asian Champions League and set up a third meeting in six years with Japan's Urawa Red Diamonds.Odion Ighalo scored four and Moussa Marega netted twice while Salem Al Dawsari was also on target for the four-time winners from Saudi Arabia, who will now take on Urawa over two legs on April 29 and May 6.The pair last met in 2019 when Al Hilal avenged a loss to the J.League side in the 2017 final and Maciej Skorza's side will face a major challenge to deny Al Hilal a record fifth title.Ighalo put Al Hilal in front with barely 90 seconds on the clock when Mohammed Kanno's persistence set up the former Manchester United striker with the simplest of headed finishes, and the onslaught soon gathered unstoppable momentum.The Nigerian added a second in the 10th minute having seen Al Duhail goalkeeper Salah Zakaria deny him five minutes earlier.But when Brazilian winger Michael Oliveira centred, after being released down the right by defender Jang Hyun-soo, Ighalo made no mistake.Four minutes later Marega slotted in following Al Dawsari's centre from the left and the Mali international made it 4-0 in the 28th minute when he latched onto goalkeeper Abdullah Al Mauoif's long punt down the middle.Al Dawsari hit his side's fifth seven minutes before the interval when he swept in Marega's clever backheel and the former Porto forward thought he had claimed a sixth for his side, only for his volley to be ruled out by VAR for offside.Ighalo ensured there was to be no respite for Al Duhail at the start of the second half when he clipped the ball over Zakaria to complete his hat-trick three minutes after the interval.He then hit his fourth in the 62nd minute, converting from Abdullah Al Hamdan's cut-back to put the seal on the most comprehensive win and keep Al Hilal on track to become the first team to claim back-to-back titles since Al Ittihad in 2005.""]"
9,https://www.channelnewsasia.com/sport/rashford-credited-league-cup-final-goal-against-newcastle-3309606,"['""Manchester United\'s second goal in the Carabao Cup Final officially went to Marcus Rashford!', 'Scoring for the club, you support in a cup final.', 'That one is for the fans,"" he wrote on Twitter.United will next switch their focus to the FA Cup fifth round where they host West Ham United on Wednesday.']"
10,https://www.channelnewsasia.com/sport/guardiola-wary-bristol-citys-unbeaten-run-ahead-fa-cup-clash-3309556,"['(Playing at) home is a little different,"" Guardiola told reporters ahead of Tuesday\'s clash.', 'The manager has experience, did really well with Leicester (City) and Watford when he was there one or two seasons ago.', '""I have the feeling in the Premier League many things are going to happen, everyone is going to drop points.']"
11,https://www.channelnewsasia.com/sport/brathwaite-braced-south-africa-challenge-first-test-3309491,"['""It is important we take control of every hour, and not look at the big picture, just go from session to session.', 'We need to improve as batters and it is important as openers to set the foundation or the team,"" he said.', 'Discipline is very important, if we stick to our plans, the results will take care of themselves.""']"
12,https://www.channelnewsasia.com/sport/talking-points-2023-formula-one-season-3309476,"['The following looks at some of them.TRIPLE MAXVerstappen will start as favourite for a third title in a row.', 'Can either become the first driver to win a race after reaching the milestone of 300 starts?', 'He will be asked about it regularly.SPEAKING OUTThe governing FIA has tweaked the rules on drivers making political, personal and religious statements.']"
13,https://www.channelnewsasia.com/sport/formula-one-calendar-2023-season-3309431,"['The 2023 Formula One season starts in Bahrain on March 5 and will have a record 23 races, with the final round in Abu Dhabi on Nov. 26.Las Vegas makes its debut in November as the third U.S. race while China is again absent, leaving a big gap in April, and France has dropped off.', 'Qatar returns in October after a debut race in 2021.Six weekends will be in the sprint format - Azerbaijan, Austria, Belgium, Qatar, Austin and Brazil.Calendar:March 5 - Bahrain (Sakhir)March 19 - Saudi Arabia (Jeddah)April 2 - Australia (Melbourne)April 30 - Azerbaijan (Baku)May 7 - MiamiMay 21 - Emilia Romagna (Imola)May 28 - MonacoJune 4 - Spain (Barcelona)June 18 - Canada (Montreal)July 2 - Austria (Spielberg)July 9 - Britain (Silverstone)July 23 - Hungary (Hungaroring)July 30 - Belgium (Spa-Francorchamps)Aug 27 - Netherlands (Zandvoort)Sept 3 - Italy (Monza)Sept 17 - SingaporeSept 24 - Japan (Suzuka)Oct 8 - QatarOct 22 - United States (Austin)Oct 29 - MexicoNov 5 - Brazil (Interlagos)Nov 18 - Las VegasNov 26 - Abu Dhabi']"
14,https://www.channelnewsasia.com/sport/french-football-bracing-itself-black-tuesday-3309396,"[""PARIS : French football is bracing itself for a major shakedown as both the president of the federation (FFF) and the women's head coach are expected to resign from their positions on Tuesday.Noel Le Graet, who has been head of the FFF since 2011, has already taken a step back amid a legal investigation into alleged sexual and moral harassment and a damning audit commissioned by the Sports ministry, will be at the centre of Tuesday's executive committee.Should he refuse to step down, Le Graet, 81, could be brought before the FFF's disciplinary committee or the executive committee could resign to force new elections."", '""Given the failures in governance, his seriously inappropriate behaviour towards women, I can only agree with the conclusion of the report: he no longer has the legitimacy to administer and represent French soccer,"" Sports minister Amelie Oudea-Castera said earlier this month.Le Graet, who also came under fire when he made dismissive comments about France great Zinedine Zidane after extending men\'s coach Didier Deschamps\'s contract until 2026, could be followed into the abyss by the women\'s coach, Corinne Diacre.Diacre\'s position has become untenable since team captain Wendie Renard said last week that she would not play at this year\'s Women\'s World Cup to preserve her mental health.Fellow internationals Marie-Antoinette Katoto and Kadidiatou Diani following suit soon after her announcement, all saying they were taking a step back from the national team.Renard, who is widely considered one of the best defenders in women\'s football, played for France in international games against Norway, Denmark and Uruguay earlier this month.According to a report in French multimedia outlet RMC Sport, Renard will not play for the national team as long as Diacre is in charge.The 48-year-old Diacre, who in 2014 became the first French woman to coach a men\'s team when she took charge of then Ligue 2 side Clermont, was appointed France head coach in 2017.Renard was stripped of the captaincy by Diacre following their quarter-final exit at Euro 2017, before regaining it in 2021.Diacre had previously attracted criticism from other French players, including Gaetane Thiney and Sarah Bouhaddi.The coach was also criticised at the European Championship in England last year for leaving out influential senior players Amandine Henry and Eugenie Le Sommer, their all-time leading goalscorer (86 goals), in her squad of 23.France were eliminated in the semi-finals by Germany.', '""I can no longer support the current system, which is far from the requirements of the highest level,"" said Renard.The Women\'s World Cup takes place in Australia and New Zealand from July 20 to Aug. 20.']"
15,https://www.channelnewsasia.com/sport/new-skipper-bavuma-looking-fresh-start-south-africa-3309161,"['We want to go out there and play the way we want to play.', 'It’s going to be exciting to see how that looks on the field,"" Bavuma told reporters on Monday.', '""Their bowling attack has guys who can get the ball through (quickly), which is something you need in South Africa.""']"
16,https://www.channelnewsasia.com/sport/murray-pulls-out-dubai-due-recurring-hip-injury-3308931,"['""We regret to inform you that Andy Murray is unable to participate in this year\'s tournament,"" Dubai organisers said in a post on Twitter.', '""Andy has been dealing with a recurring hip injury that has unfortunately forced him out of Dubai.', '""Murray said after his defeat by Medvedev that he would have to manage his body better, especially after physically demanding matches.']"
17,https://www.channelnewsasia.com/sport/williamson-surpasses-taylor-new-zealands-most-prolific-test-batter-3308831,"['""It\'s not something that I\'ve sort of thought about a whole lot but it is an honour,"" he told reporters of the record.', '""I look at that list and I\'ve admired all of those players over the years, whether that\'s watching from afar growing up or playing alongside a number of them as well.', '""It\'s not a focus point, but it\'s special to be amongst that company.']"
18,https://www.channelnewsasia.com/sport/isle-man-bowled-out-10-runs-lowest-t20-score-3308641,"['The team were routed in 8.4 overs.Spain chased the total in two balls, wrapping up a 10-wicket victory in a bizarre contest.', '""Crazy, just crazy,"" Spain head coach Corey Rutgers told the Cricbuzz website.', 'The Thunder were bowled out by Adelaide Strikers for 15 in the Big Bash League in December.']"
19,https://www.channelnewsasia.com/sport/australias-starc-still-feels-discomfort-finger-eyes-return-third-test-3308601,"[""The ball's coming out quite nicely and I feel I'm pretty much at full tilt."", 'If I only played when I was at 100 per cent I would have only played five or 10 tests.', 'As a batsman if you\'re clear with your shots, there are runs on these tracks.""']"
20,https://www.channelnewsasia.com/sport/besiktas-fans-throw-toys-field-children-affected-earthquake-3308381,"['The earthquake first struck Turkey at 0417 local time on Feb.', '6.', 'Ghana winger Christian Atsu was among the victims, having been found dead on Feb. 18 under the building where he lived in southern Turkey.']"
21,https://www.channelnewsasia.com/sport/lionel-messi-best-fifa-men-player-year-2022-beat-mbappe-putella-womens-award-3310331,"[""PARIS: Lionel Messi won The Best FIFA men's player prize for 2022 on Monday (Feb 27) on the back of his World Cup triumph with Argentina and Spain's Alexia Putellas retained the women's award at a ceremony in Paris.Messi beat his Paris Saint-Germain teammate, and World Cup final rival, Kylian Mbappe to the men's gong with Ballon d'Or winner Karim Benzema the other contender to claim the prize.It is the second time that Messi has won the honour inaugurated by FIFA in 2016 after football's world governing body split from Ballon d'Or organisers France Football.The award, which is voted for by national team coaches and captains, journalists and also fans, recognises a year in which the former Barcelona star crowned his glorious career by leading Argentina to victory at the World Cup.Messi scored twice in an epic final in Doha as Argentina beat France on penalties despite Mbappe netting a hat-trick for Les Bleus in a remarkable 3-3 draw.He also claimed the Golden Ball for the best player at the tournament, although Mbappe was the top scorer with eight goals, one more than Messi."", '""This year was just mad for me, to be able to achieve my dream that I had fought so hard for.', 'In the end I got it and it was the most beautiful thing that has happened in my career,"" Messi said of his World Cup win as he collected his award.']"
22,https://www.channelnewsasia.com/sport/pogba-back-juve-squad-allegri-says-3309896,"['He doesn\'t have much playing time in his legs, but more than enough,"" Allegri told reporters.', '""I have spoken to him as I have done with the other players.', 'He must have the drive to have given his contribution at the end of the season.']"
23,https://www.channelnewsasia.com/sport/novak-djokovic-breaks-steffi-grafs-record-weeks-no-1-3310021,"['""It\'s surreal to be that many weeks No 1, to match Graf - one of the all-time greats,"" Djokovic said.', '""Djokovic first rose to No 1 at the age of 24 on Jul 4, 2011.', ""He spent a personal-best 122 consecutive weeks at the top from 2014-16.Djokovic won his men's record-tying 22nd major title last month at the Australian Open.""]"
24,https://www.channelnewsasia.com/sport/djokovic-pain-free-he-prepares-return-dubai-3308036,"['""I haven\'t felt pain on the court for a week.', '""After every injury it takes time for mechanisms to be balanced, for adjustments to be done on court.', '""It\'s surreal to be that many weeks number one, to match Graf - one of the all-time greats,"" Djokovic said.']"
25,https://www.channelnewsasia.com/sport/kyrgios-withdraws-indian-wells-and-miami-knee-issue-3310106,"[""LOS ANGELES: Nick Kyrgios has withdrawn from next month's Masters 1000 tournaments in Indian Wells and Miami as he continues to recover from surgery on his left knee, event organisers said on Monday (Feb 27).The 27-year-old Australian had a terrific second half of 2022."", 'After contesting his first Grand Slam final at Wimbledon in July, he won the ATP 500 Citi Open in August, and reached to U.S. Open quarter-finals in September.But pain in his knee forced him to withdraw from the Japan Open in October and he then pulled out of his home major, the Australian Open, in January and underwent surgery.The world number 19, who is known for his thunderous serve and on-court outbursts, has yet to make his 2023 season debut.']"
26,https://www.channelnewsasia.com/sport/french-prosecutors-open-rape-investigation-psgs-achraf-hakimi-3310161,"['NANTERRE: French prosecutors on Monday (Feb 27) opened an investigation into alleged rape by Paris Saint-Germain full-back Achraf Hakimi, a source close to the case said.A 24-year-old woman has accused the Moroccan international of raping her at his home in a Paris suburb on February 25.According to the source, confirming an article in the Parisien newspaper, the woman reported the incident at a police station on Sunday but did not file charges.The public prosecutor\'s office handling the case in Nanterre declined to comment, but complained to AFP that ""information already made public"" in the media ""undermined the necessary investigations to find out the truth"".Hakimi was part of the Morocco team that finished fourth in the World Cup in Qatar.And late Monday he was at the FIFA Best awards ceremony in Paris, where he was named in the FIFPro men\'s world team of the year.On stage to collect the award he stood alongside another award winner, his PSG teammate and close friend, Kylian Mbappe.Mbappe\'s France may have ended Morocco\'s World Cup adventure but Hakimi had spoken of their friendship before the competition: ""We are two young men who have like the same things, we chat about music, video games, we go to restaurants,"" he told the Parisien.Born in Madrid, his penalty secured a 3-0 shoot-out win over Spain to steer Morocco into uncharted territory, with the north African side going on to become the first from the Arab world to reach the last four at a World Cup.']"
27,https://www.channelnewsasia.com/sport/world-cup-winner-scaloni-renews-contract-argentina-2026-3310026,"['""I am eternally grateful to the president of the AFA for giving me the opportunity to coach this wonderful national team,"" Scaloni said on receiving the award.', 'He has a record of 37 wins, 15 draws and five defeats in 57 games.', 'We continue to strengthen the national team project, together with Lionel Scaloni, the world champion coach,"" said Tapia.']"
28,https://www.channelnewsasia.com/sport/klinsmann-named-south-koreas-head-coach-3308881,"['""I know that the Korean national team has been improving and achieving results over a long period of time,"" Klinsmann said in a statement.', '""I am honoured to follow in the footsteps of the great coaches who have led the Korean national team, from Gus Hiddink to my predecessor, Paulo Bento.', '""I look forward to doing my utmost to help the team achieve success at the upcoming Asian Cup and the 2026 World Cup.']"
29,https://www.channelnewsasia.com/sport/psg-romp-3-0-win-over-marseille-thanks-mbappe-messi-double-act-3307281,"['""We were aggressive, we put intensity into the game, that\'s what we\'d been missing,"" said PSG centre back Sergio Ramos.Marseille coach Igor Tudor said he did not regret his side\'s high-risk approach.', '""Why should we have changed our way of playing?', 'His presence made it more difficult for us to play our game but we were not going to change it.']"
30,https://www.channelnewsasia.com/sport/japan-authorities-seek-criminal-charges-against-dentsu-others-over-olympics-contracts-3310601,"[""TOKYO :Japan's Fair Trade Commission said on Tuesday it filed criminal complaints against Dentsu and five other advertising firms as well as seven individuals over alleged bid-rigging on contracts for the Tokyo 2020 Olympics.The complaint marks the latest development in months of investigations into alleged corruption in the planning and sponsorship of the Tokyo Olympics and Paralympics Games, held in 2021 after a pandemic-driven postponement."", '""We determined that this is a malicious and serious case that will have a broad impact on people\'s lives,"" FTC investigator Goh Okumura told a media briefing.The other companies named in the complaint are Hakuhodo DY Holdings Inc, Tokyu Agency Inc, Fuji Creative Corporation, Cerespo Co and Same Two Inc, the FTC said.Prosecutors this month arrested a former Tokyo Olympics organising committee official and executives at Dentsu and others over the case, in which the agencies were suspected of colluding in 2018 to rig the bids for the Games\' test events.Dentsu, Cerespo and Fuji Creative have already been barred from bidding for contracts at the industry, foreign and education ministries for nine months.The bid-rigging case comes after a bribery scandal, in which Haruyuki Takahashi, a former member of the Tokyo 2020 Olympics board and before that a Dentsu executive, was arrested last year on suspicion of receiving bribes from Olympic sponsors.Executives from advertising firm ADK Holdings, business suits retailer Aoki Holdings and publishing firm Kadokawa have also been arrested in connection with the bribery case.']"
31,https://www.channelnewsasia.com/sport/england-90-runs-victory-after-roots-steadying-half-century-3310496,"[""England moved within 90 runs of victory with five wickets in hand at lunch in the second test against New Zealand on Tuesday after Joe Root and captain Ben Stokes steadied the tourists' chase with a galvanising partnership in Wellington.England were reduced to 80 for five in pursuit of 258 for the win, with four quick wickets falling at the Basin Reserve, but they went to the break at 168 for five.Root put the pressure back on the Black Caps with an unbeaten 74 from 74 balls, while an ailing Stokes, battling an apparent knee problem, was 20 not out, the pair having put on 88 runs for the sixth wicket.New Zealand's attack were a man down, with paceman Matt Henry forced off field with a back problem late in the session.England resumed on 48 for one in the morning, needing another 210 runs for victory, and were rocked by two wickets in the opening half-hour.Nightwatchman Ollie Robinson was out for two trying to pull a Tim Southee delivery well wide of off-stump.He sent a top-edge high behind the slips, with Michael Bracewell jogging back to take the catch.Opener Ben Duckett was out for 33 three overs later as he went on the attack, caught behind slashing at a wide Henry delivery.Neil Wagner, on the receiving end of some punishing spells from England's batters this series, dismissed Ollie Pope for 14, the number three steering an edge straight to Tom Latham in the slips.England's man of the moment Harry Brook came to the middle but was run out without facing a ball as Root made a shocking call for a single after pushing a Southee ball to the gully.Bracewell swooped from the slips and threw to the stumps where wicketkeeper Tom Blundell whipped off the bails with Brook well short of his ground.New Zealand introduced spin before the drinks break, with Bracewell coming into the attack but the tactic backfired as Root clobbered a six and two fours in successive balls in the all-rounder's first over.Stokes was lucky at one stage, with Henry finding the shoulder of his bat, but the ball pinged harmlessly off Blundell's gloves.England won the first test in Mount Maunganui by 267 runs and victory in Wellington will secure their first test series win in New Zealand since 2008.""]"
32,https://www.channelnewsasia.com/sport/late-luis-alberto-goal-lifts-lazio-top-four-after-sampdoria-win-3310361,"[""Luis Alberto's late strike secured Lazio a 1-0 Serie A win against Sampdoria on Monday, lifting the team into fourth place.Lazio have 45 points from 24 matches, one ahead of AS Roma, who play bottom-club Cremonese on Tuesday."", ""Maurizio Sarri's side are only two points behind Inter Milan and AC Milan, who both have 47."", 'Runaway leders Napoli are on 65.Lazio came close to scoring in the dying seconds of the first half with striker Ciro Immobile sending an effort wide of the target.Immobile missed another chance on the hour when, alone in the box, he sent the ball high over from close range.Midfielder Luis Alberto secured the win when he latched on to the ball outside the box in the 80th minute and fired it to the top right corner.The goal triggered a roar of relief from the Stadio Olimpico crowd, with Sampdoria unable to create a response before the final whistle.The Genoa club are second-from-bottom with 11 points from 24 matches.']"
33,https://www.channelnewsasia.com/sport/horse-racing-us-anti-doping-program-racehorses-begin-next-month-3310341,"['""I really don\'t think there is anything (that can delay implementation),"" Lazarus said.', '""The Federal Trade Commission has to approve them... and all indications we\'ve received from them is that they will.', '""For the first time ever we\'ll have a nationwide intelligence of all the testing that\'s done,"" Mosier said.']"
34,https://www.channelnewsasia.com/sport/canada-soccer-president-resigns-says-moment-requires-change-3310301,"['""The Canadian women\'s team recently escalated their protest over pay equity issues when they wore purple shirts that read ""Enough is enough"" ahead of their opening match of the recent SheBelievesCup.', '""While I have been one of the biggest proponents of equalizing the competitive performance environment for our Women\'s National Team, I will unfortunately not be leading this organization when it happens,"" Bontis said in a statement.', '""The women\'s national team\'s last agreement with Canada Soccer expired in 2021 while the men\'s, who formed their own players\' association last August, are negotiating their first formal deal.']"
35,https://www.channelnewsasia.com/sport/soccer-messi-named-fifa-player-2022-england-women-rewarded-euro-campaign-3310291,"[""PARIS: Lionel Messi won The Best FIFA men's player prize for 2022 on Monday (Feb 27) on the back of his World Cup triumph with Argentina and Spain's Alexia Putellas retained the women's award at a ceremony in Paris.Messi beat his Paris Saint-Germain teammate, and World Cup final rival, Kylian Mbappe to the men's gong with Ballon d'Or winner Karim Benzema the other contender to claim the prize.It is the second time that Messi has won the honour inaugurated by FIFA in 2016 after football's world governing body split from Ballon d'Or organisers France Football.The award, which is voted for by national team coaches and captains, journalists and also fans, recognises a year in which the former Barcelona star crowned his glorious career by leading Argentina to victory at the World Cup.Messi scored twice in an epic final in Doha as Argentina beat France on penalties despite Mbappe netting a hat-trick for Les Bleus in a remarkable 3-3 draw.He also claimed the Golden Ball for the best player at the tournament, although Mbappe was the top scorer with eight goals, one more than Messi."", '""This year was just mad for me, to be able to achieve my dream that I had fought so hard for.', 'In the end I got it and it was the most beautiful thing that has happened in my career,"" Messi said of his World Cup win as he collected his award.']"
36,https://www.channelnewsasia.com/sport/british-teenager-brookes-becomes-youngest-world-champion-3310191,"['""I honestly feel like I\'m going to cry.', '""I had tried it once before in practice and I knew I had to do it if I wanted to win.', 'But then I got really worried because if I landed it, I would just want to jump up and start crying because I\'d be so happy,"" Brooks added.New Zealand\'s Sadowski-Synnott came second, while Japan\'s Onitsuka Miyabi finished third.']"
37,https://www.channelnewsasia.com/sport/olympic-pole-vault-champion-richards-dies-97-3310066,"['In 1958 he became the first athlete to appear on the front of the American breakfast cereal Wheaties.Richards became an ordained minister in 1946 and also ran for President of the United States in 1984 on the Populist Party ticket.', '""He passed in his sleep peacefully surrounded by loved ones.', 'He is in a better place now and at peace,"" his son Brandon said.']"
38,https://www.channelnewsasia.com/sport/six-nations-over-irelands-bealham-furlong-training-squad-3309766,"[""DUBLIN: Finlay Bealham will miss Ireland's remaining two Six Nations games after twisting his knee in the 34-20 win over Italy but fellow tighthead prop Tadhg Furlong was included in a training squad on Monday, the Irish Rugby Football Union (IRFU) said.Connacht prop Bealham has deputised very ably for Furlong in Ireland's unbeaten start to the campaign."", 'British & Irish Lion Furlong missed the opening three games with a calf injury.Ireland captain Johnny Sexton and centre Garry Ringrose - who missed the Italian game with minor injuries - were also named in the 27-men panel, as were Robbie Henshaw and Jamison Gibson Park, who are recovering from longer term injuries.Ireland next travel to Scotland on March 12 and hope to still be in line for a grand slam when they host England a week later in their final game of the championship.']"
39,https://www.channelnewsasia.com/sport/rashford-credited-league-cup-final-goal-against-newcastle-3309606,"['""Manchester United\'s second goal in the Carabao Cup Final officially went to Marcus Rashford!', 'Scoring for the club, you support in a cup final.', 'That one is for the fans,"" he wrote on Twitter.United will next switch their focus to the FA Cup fifth round where they host West Ham United on Wednesday.']"
40,https://www.channelnewsasia.com/sport/guardiola-wary-bristol-citys-unbeaten-run-ahead-fa-cup-clash-3309556,"['(Playing at) home is a little different,"" Guardiola told reporters ahead of Tuesday\'s clash.', 'The manager has experience, did really well with Leicester (City) and Watford when he was there one or two seasons ago.', '""I have the feeling in the Premier League many things are going to happen, everyone is going to drop points.']"
41,https://www.channelnewsasia.com/sport/brathwaite-braced-south-africa-challenge-first-test-3309491,"['""It is important we take control of every hour, and not look at the big picture, just go from session to session.', 'We need to improve as batters and it is important as openers to set the foundation or the team,"" he said.', 'Discipline is very important, if we stick to our plans, the results will take care of themselves.""']"
42,https://www.channelnewsasia.com/sport/joseph-schooling-withdraws-sea-games-2023-cambodia-swimming-3314991,"['""After careful consideration with my team, I have decided to pull out of the SEA Games,"" the 27-year-old swimmer said in a statement.', '""This was not an easy decision, but I am currently not at the level at which I hold myself to perform.', '""The Olympic champion added that he would instead focus on his National Service duties and support his team-mates from home.']"
43,https://www.channelnewsasia.com/sport/hsbc-women-world-championship-singapore-sentosa-lydia-ko-nelly-korda-3314921,"['""You can never get too cocky about what ranked player you are because it\'s so tight at the top,"" Ko said this week.', '""Everyone is playing really well and you can\'t say, \'I\'m going to be there forever\'.', '""I know there\'s going to be pressure but I don\'t want to think too much about it,"" she said.']"
44,https://www.channelnewsasia.com/sport/novak-djokovic-atp-tennis-world-rankings-number-1-3314351,"['It happens,"" Djokovic told reporters following his win over Tomas Machac in Dubai on Tuesday (Feb 28).', '""I guess that makes the achievement bigger, at least in my team\'s and my eyes.', 'I\'m not playing as much and don\'t plan to play as many weeks as they do,"" Djokovic said.']"
45,https://www.channelnewsasia.com/sport/djokovic-labours-victory-over-machac-return-action-dubai-3313281,"['""Tomas didn\'t play like a world number 130.', 'He was giving me all kinds of trouble but when it mattered most I found another gear,"" Djokovic said.', ""But I'm hoping as the tournament progresses that I can raise the level of tennis as well.""]"
46,https://www.channelnewsasia.com/sport/top-seed-alcaraz-pulls-out-acapulco-strained-hamstring-3313636,"['""I have a grade 1 strain in my right hamstring that will keep me out for several days, according to the tests we did this morning,"" Alcaraz wrote on Twitter.', '""I\'m really sad I can\'t compete here, but now it\'s time to think about recovering and being ready as soon as possible.', 'I hope to see you all soon!']"
47,https://www.channelnewsasia.com/sport/nadal-withdraws-indian-wells-and-miami-due-injury-3313111,"['""I am sad that I won\'t be able to compete at Indian Wells nor Miami.', '""I\'ll miss all my US fans but I hope to see them later this year during the summer swing.', 'Nadal has reached the Miami final five times but has never won the title and has not competed there since 2017.']"
48,https://www.channelnewsasia.com/sport/foden-double-eases-man-city-fa-cup-sixth-round-leicester-out-3313631,"['The second half was much better,"" Guardiola said.Promotion-chasing Blackburn thoroughly deserved their win at Leicester whose form remains wildly unpredictable.', '""We know our story with the FA Cup is not great and we are here to try and change it.', '""The remaining four fifth-round ties are on Wednesday with League Cup winners Manchester United at home to West Ham United.']"
49,https://www.channelnewsasia.com/sport/klopp-hopes-give-liverpool-season-little-push-against-wolves-3312761,"[""We know a lot about each other and we know it won't be easy."", 'There won\'t be the most surprising information and we have to make sure we are ready,"" Klopp told reporters.', 'I would love to give the season a little push in this week and we need results for that.']"
50,https://www.channelnewsasia.com/sport/drivers-urged-help-steer-f1-away-moral-vacuum-3312756,"['""There are two roads that F1 can now take.', 'One is a road which is a moral vacuum where the leaders and the administrators seem to going,"" he said.', '""There is another road that some drivers seem to be taking ... who understand they can use their platform and their sport not just for sport\'s sake but for good and for change and that they cannot ignore the human rights abuses in the country that they are driving in.']"
51,https://www.channelnewsasia.com/sport/former-france-great-fontaine-has-died-report-3315191,"[""PARIS : Former France soccer great Just Fontaine, who in 1958 scored a record 13 goals at a single World Cup final, has died, French sports daily L'Equipe reported on Wednesday.Fontaine, 89, netted 30 goals from 21 caps for France between 1953-1960.""]"
52,https://www.channelnewsasia.com/sport/upbeat-new-zealand-back-same-squad-deliver-against-sri-lanka-3314896,"['""We felt that the 13 that we have here is the right 13 to go forward,"" he told reporters on Wednesday.', '""I think when you have a win like that (in Wellington), whether you win or lose, your confidence will improve.', '""I think we’ve had (character) in the team all the time I’ve been there,"" Stead said.']"
53,https://www.channelnewsasia.com/sport/benn-criticises-wbc-british-boxing-body-after-being-cleared-doping-3314526,"['""In my defence to the WBC and the 270-page report provided to them, at no point did I indicate that I failed any VADA tests because of contaminated eggs,"" Benn said.', 'Without explanation it was retested again after nine days and only then did it show a trace positive result.', ""He remains under investigation by UKAD, Britain's anti-doping body.The BBBofC said last Wednesday it was not part of the WBC's review.""]"
54,https://www.channelnewsasia.com/sport/wta-roundup-top-seed-magda-linette-falls-austin-3314471,"['Gracheva closed out the victory in the next game, converting the sixth of her 12 break-point opportunities in the contest.The other seeded players in action all advanced.', ""No. 3 Anastasia Potapova of Russia routed the United States' Elizabeth Mandlik 6-2, 6-0."", ""No. 5 Sloane Stephens won an all-U.S. matchup with Taylor Townsend 6-3, 6-3, and No. 4 Danielle Collins of the United States downed Poland's Magdalena Frech 6-7 (7), 6-2, 6-4.""]"
55,https://www.channelnewsasia.com/sport/kuhnemann-leads-indias-rout-australia-ascendancy-3314331,"[""INDORE, India :Matt Kuhnemann and Nathan Lyon routed India on a spinners' paradise in Indore to put Australia ahead on day one of the third test on Wednesday.Matt Kuhnemann (5-16) claimed his maiden five-wicket haul in only his second test and Lyon picked up three to skittle out India for a paltry 109.Australia lost Travis Head, but cruised to 71-1 at tea to stay on course for a handy first-innings lead in the match.Usman Khawaja was batting on 33 at the break with Marnus Labuschagne on 16 at the other end.Beaten inside three days both in Nagpur and Delhi, Australia persisted with a three-pronged spin attack which paid dividends.Stand-in skipper Steve Smith introduced spin after five overs of pace bowling by Mitchell Starc and Cameron Green, both of whom returned from finger injuries to play their first match of the series.Regular skipper Pat Cummins is back home to be with his ailing mother, while opener David Warner has returned having fractured his elbow in Delhi.India captain Rohit Sharma was left to rue his decision to bat first and he himself could have been dismissed twice in the first over from Starc, but Australia did not challenge the not-out decisions.It did not really matter though once the spinners took over.Kuhnemann removed Rohit (12) stumped and, in his next over, cut short Shubman Gill's (21) promising knock to trigger a spectacular collapse.Lyon (3-35) then joined the party, dismissing Cheteshwar Pujara and Ravindra Jadeja in his successive overs and India slumped to 45-5 after a frenetic opening hour.Virat Kohli (22) gamely hung on for a while but once Todd Murphy trapped him lbw, wickets started tumbling and India eventually wilted in 33.2 overs, half an hour into the second session.After the innings break, India predictably began with spin from both ends and Head (nine) fell lbw to Ravindra Jadeja in the second over of the innings.Labuschagne got a reprieve when he dragged the ball onto his stumps but bowler Ravindra Jadeja was found to have over-stepped.This was the third time in the series that Jadeja's penchant to bowl no-balls cost him a wicket.India have a 2-0 lead in the four-match series for the Border Gavaskar Trophy.The final test is scheduled in Ahmedabad from March 9.""]"
56,https://www.channelnewsasia.com/sport/all-blacks-coach-foster-says-wont-re-apply-job-post-world-cup-3314316,"['New Zealand head coach Ian Foster said on Wednesday he would not reapply to continue in the role after the Rugby World Cup in France.Governing body New Zealand Rugby (NZR) said earlier on Wednesday that it would decide on the All Blacks coach for 2024 and beyond within six weeks.', '""I won\'t be re-applying for the job of head coach,"" Foster said in an NZR statement.']"
57,https://www.channelnewsasia.com/sport/stokess-shaky-knee-cloud-englands-ashes-buildup-3314296,"['""I\'ve got a four-month period now to get it, sort of, even better before that Ashes because I want to be turning up in Birmingham being able to fill that role properly.', '""You have to lose games to really appreciate how good it is to win games,"" he said.', '""You can\'t live your life or captain an international cricket team .... by hindsight.""']"
58,https://www.channelnewsasia.com/sport/new-zealand-appoint-fosters-post-world-cup-successor-within-six-weeks-3313991,"['""This will be concluded in the next four to six weeks.', '""As I said last week, I felt the best thing for our team and for our entire management group was to have this process done after the Rugby World Cup,"" he said in a statement.', 'It is to lead this All Blacks team and management group in our planning and preparation so that we go to France with the goal of winning the Rugby World Cup and making this country proud.']"
59,https://www.channelnewsasia.com/sport/liv-ratings-trail-rival-pga-tour-first-cw-network-broadcasts-3313776,"['""We\'re very pleased with our first weekend of LIV Golf,"" said Sook.', '""It\'s selling very well and I think we\'ll continue to grow as we get more into the season and more involved.', '""Bankrolled by Saudi Arabia’s Public Investment Fund, LIV Golf attracted some of the sport\'s biggest names with the promise of supersize paydays and a truncated schedule.']"
60,https://www.channelnewsasia.com/sport/leicester-suffer-tielemans-injury-blow-3313741,"['""Youri will be out for six weeks.', 'Six weeks will feel like six months when you lose a player of that quality,"" Rodgers said on a bad night for the Midlands club.', '""If we can have that determination and fight to match some of the quality we have, we will win the games we need to.']"
61,https://www.channelnewsasia.com/sport/player-revolts-plunge-womens-world-cup-buildup-turmoil-3313711,"['""Bontis\' departure MUST trigger sweeping change,"" Amy Walsh, who played for Canada at the 2008 Olympics and earned 102 caps, posted on Twitter.', '""Our athletes - as well as future generations of Canadian footballers - deserve so much better.', '(This story has been corrected to change the World Cup start date in paragraph 6)']"
62,https://www.channelnewsasia.com/sport/lyon-beat-grenoble-2-1-reach-french-cup-semi-finals-3313626,"['First-half goals by forwards Bradley Barcola and Jeffinho helped Olympique Lyonnais beat second-tier side Grenoble 2-1 in the French Cup quarter-finals on Tuesday.Lyon took the lead in the 24th minute through a close-range header by Barcola, who was nicely set up by Nicolas Tagliafico.Jeffinho doubled their lead with a brilliant individual effort shortly before halftime, scoring his first goal for Lyon since he joined in January from Brazilian side Botafogo.Grenoble pulled one back in the 74th minute, after a mistake by the Lyon defence allowed winger Amine Sbai to make it 2-1.Five-time winners Lyon, who knocked out Lille on penalties in the last 16, are looking to lift the French Cup for the first time since 2012.Nantes host Lens on Wednesday, before Toulouse face Rodez and Olympique de Marseille take on Annecy to decide the other semi-finalists.']"
63,https://www.channelnewsasia.com/sport/arsenal-thrash-everton-go-five-points-clear-3316926,"['""I am delighted with the win and the way we played after the first 25 minutes.', 'We had some difficulties at the start,"" Arsenal manager Mikel Arteta said.', '""We played really well in the second half and could have scored more.']"
64,https://www.channelnewsasia.com/sport/liverpool-beat-wolves-english-premier-league-3317011,"['""You have to break an opponent down step by step, it\'s not often they make mistakes and you get easy goals in the 420 or something games I\'ve had here,"" Klopp said.His side now face a resurgent Manchester United, who are 10 points ahead of Liverpool in third spot, on Sunday.', '""It\'s a big game anyway, against a team in form.', 'We have to be ready, and we will give them a big fight,"" Klopp said.']"
65,https://www.channelnewsasia.com/sport/kobe-bryant-helicopter-crash-photos-us29-million-widow-la-country-3315701,"['""She fought for her husband, her daughter, and all those in the community whose deceased family were treated with similar disrespect.', 'We hope her victory at trial and this settlement will put an end to this practice.', '""Mira Hashmall, who represented Los Angeles County in the case, called the settlement ""fair and reasonable"".']"
66,https://www.channelnewsasia.com/sport/djokovic-powers-past-griekspoor-dubai-quarter-finals-3316486,"['Yesterday, I really had to work hard to get a win,"" Djokovic said.', '""I\'m very pleased ... with the way I felt on the court and hopefully things can go in the right direction for tomorrow.', 'I have no words to describe it,"" Rublev, who has saved match points en route to victory three times this season, said.']"
67,https://www.channelnewsasia.com/sport/pga-tour-reduce-fields-and-cut-lines-designated-events-3316881,"['""Together, this approach provides a schedule that is cohesive, compelling, consequential and with clarity for fans, players and sponsors alike.', 'The move came amid the threat posed by LIV Golf, which features limited-field, 54-hole events with no cuts and guaranteed prize money for each golfer.', ""But a way that you don't have to wait an entire year for your good play to then get the opportunity.""]"
68,https://www.channelnewsasia.com/sport/ukraine-invasion-russian-chess-players-compete-asian-federation-after-quitting-europe-3315401,"['""We are grateful to the delegates for having supported our transition to the ACF at the Continental Assembly by a majority of votes.', 'It goes to show the amount of trust in us on the one hand, and the good work achieved by our federation on the other.', '""Russia is a traditional powerhouse in chess and we look forward to their contributions to chess development in this region.""']"
69,https://www.channelnewsasia.com/sport/just-fontaine-world-cup-record-scorer-dies-3315191,"['When he died in 2017, Fontaine remembered fondly his ""big brother"".', '""So did I, and that made us a magical duo.', '""Born in Marrakech in August 1933 to a French father and Spanish mother at the time of the French Protectorate in Morocco, Fontaine went to school in Casablanca, and began his football career there.']"
70,https://www.channelnewsasia.com/sport/nortje-bags-5-36-s-africa-take-big-lead-v-west-indies-3316391,"['""It\'s not the quickest wicket, it\'s going a little up and down, but we are just sticking to our plans,"" Nortje said.', '""I need to adjust a little now and then.', 'The more we can get the better, but I would think 250-plus is a very good score.']"
71,https://www.channelnewsasia.com/sport/glazers-demands-set-delay-manchester-united-takeover-reports-3315686,"['""IMPROVEMENT UNDER TEN HAGUnited, one of the most successful clubs in English football history, have struggled to keep pace with bitter rivals Manchester City since the retirement of legendary manager Alex Ferguson in 2013.But under disciplinarian Dutch manager Erik ten Hag, United appear to be on the rise and ended their long wait for silverware by beating Newcastle 2-0 in the League Cup final at Wembley.They are also third in the Premier League, they beat Barcelona last week to progress to the last 16 of the Europa League and were facing West Ham in the fifth round of the FA Cup on Wednesday.Mould said that with United\'s prospects on the pitch looking rosier, the Glazers might think twice about ceding full control of the club.', '""Speculation has been growing that should Erik ten Hag\'s revolution in performance that has seen Manchester United go through an improved run of form and win their first trophy since 2017 continue, the family could be less willing to sell the club.', '""If the Glazers do decide to hang on to all or part of the club, it would be deeply unpopular with United\'s supporters, who have frequently demonstrated en masse against the American owners who they accuse of taking money out of the club over the years.']"
72,https://www.channelnewsasia.com/sport/wta-roundup-katie-volynets-escapes-5-0-third-set-hole-3317621,"[""Down 5-0 and a match point in the third set, the United States' Katie Volynets rallied to upset third-seeded Anastasia Potapova of Russia 5-7, 6-2, 7-5 on Wednesday in the second round of the ATX Open in Austin, Texas.Volynets heated up while winning the last seven games, as she lost just one point total in the final three games."", ""The result moves the 21-year-old into a WTA Tour quarterfinal for the first time.Up next for Volynets is a matchup against hometown favorite Peyton Stearns, who won the 2022 NCAA women's singles championship for the University of Texas."", ""Vekic also saved nine of the 11 break points she faced.Fifth-seeded Lin Zhu of China registered a 7-6 (4), 2-6, 6-3 win over Canada's Rebecca Marino, and Belgium's Ysaline Bonaventure topped Russia's Kamilla Rakhimova 7-6 (2), 1-6, 6-3.In the last match of the night, Slovakia's Anna Karolina Schmiedlova was scheduled to oppose the United States' Caroline Dolehide.-Field Level Media""]"
73,https://www.channelnewsasia.com/sport/brumbies-brace-blues-juggernaut-super-rugby-pacific-3317591,"[""MELBOURNE : The relative strength of Australian and New Zealand rugby will be on display this weekend when Canberra's ACT Brumbies meet the Auckland Blues in a repeat of last year's Super Rugby Pacific semi-final.The Brumbies dominated their Australian rivals last year but fell short in a 20-19 thriller at Eden Park as the Blues booked their place in the final against the eventual champion Canterbury Crusaders.The Blues have won their last 14 regular season matches, including last week's 60-20 hiding of the Otago Highlanders in their season-opener in Dunedin.The Brumbies, however, have proved tough foes for the Blues and head into Sunday's afternoon clash at the Melbourne Rectangular Stadium confident after a solid 31-25 win over the improving New South Wales Waratahs."", '""We know the Brumbies will bring a physical, confronting game and we have been preparing all week to meet that challenge,"" Blues captain Dalton Papalii said.All matches will be played at the Rectangular Stadium in three consecutive days of double-headers as part of the competition\'s ""Super Round"".The Crusaders, who face the Otago Highlanders on Friday, might welcome the chance to play in a city where rugby is barely on the radar given the media storm over the All Blacks\' coaching situation back home.Within six weeks, Crusaders\' coach Scott Robertson is expected to be confirmed as Ian Foster\'s successor as All Blacks coach after the World Cup in France, regardless of the application process announced by New Zealand Rugby (NZR) on Wednesday.The Crusaders were upset 31-10 by the Waikato Chiefs in a major shock at home last weekend, and Robertson will not want another defeat on his ledger before interviews with NZR.He will have veteran All Blacks lock Sam Whitelock back in the side fore the Highlanders clash and has restored the formidable midfield partnership of David Havili and Jack Goodhue after using Havili at fullback last week.The Wellington Hurricanes will look to back up their impressive 47-13 win away to the Queensland Reds when they meet the home team, Melbourne Rebels, on Friday.Hurricanes winger Julian Savea scored his 58th try against the Reds and can match Israel Folau\'s all-time Super Rugby record with a double against the Rebels.The Waratahs experimented with dual opensides in their back row against the Brumbies but ditched that after one match, dropping Charlie Gamble to the bench for their match against Fijian Drua on Saturday.The Western Force, meanwhile, have promoted comeback king Jeremy Thrush to their starting lineup for Sunday\'s match against the Reds after the 37-year-old lock scored the winning try off the bench against the Rebels last week.Thrush retired in the off-season but was coaxed back to the game after an injury to Izack Rodda.The Chiefs will look to continue their perfect start when they meet Moana Pasifika in the early match on Saturday.']"
74,https://www.channelnewsasia.com/sport/former-pakistan-woman-hockey-player-killed-italian-shipwreck-3317566,"['Sixteen children were among the dead.Those on board were mostly from Afghanistan but also from Pakistan, Syria, the Palestinian Territories, Iran and Somalia, Italian authorities said.', '""Pakistani authorities have informed Raza\'s family that the Pakistani national team hockey player perished in the boating accident off the coast of Italy,"" Qadir Ali Nayel, a legislator from Balochistan province, told Reuters late on Wednesday.Raza was 27 and from the southwestern province.', ""She also played soccer in domestic competitions.The chief minister of Balochistan expressed grief over Raza's death saying in a statement she had brought honour to the province and the country.""]"
75,https://www.channelnewsasia.com/sport/stokes-will-be-sweet-ashes-says-mccullum-3317386,"['""I ... believe that the Ashes is the script that the skipper is waiting to write, so he\'ll be sweet.', 'I don\'t have any concerns,"" he told reporters in Wellington at the conclusion of the drawn series with New Zealand.', 'And with eight or nine months of development of that style under our belt, we should be hard to beat.""']"
76,https://www.channelnewsasia.com/sport/miracle-says-grimsby-boss-hurst-after-glory-night-mariners-3317116,"['Look at what that means to the support,"" Hurst said as the visiting fans celebrated loudly.', '""We turned up, hoping for a miracle and to be in the quarter-final is incredible.', '""For Premier League bottom club Southampton it was another low point in a miserable season.']"
77,https://www.channelnewsasia.com/sport/marseille-suffer-shootout-loss-second-tier-annecy-french-cup-3317081,"[""Olympique de Marseille lost 7-6 on penalties to Ligue 2 FC Annecy on Wednesday to crash out of the French Cup after their quarter-final had finished locked at 2-2.Marseille's Leonardo Balerdi missed the decisive penalty for the hosts as Annecy joined Olympique Lyonnais, Nantes and Toulouse in the semi-finals.Jordan Veretout scored for Marseille after 29 minutes when he was played free by Jonathan Clauss and calmly placed the ball into the corner.Annecy turned the match around at the beginning of the second half when Dion Sahi equalised before Kevin Mouanga sent the visitors ahead.The loud cheers at the Stade Velodrome changed to boos from the home fans venting frustration as the clocked ticked to 90 minutes, and reached a crescendo when Alexis Sanchez failed to convert a penalty after a handball six minutes from time.Six minutes into stoppage-time, however, Francois-Regis Mughe did get an equaliser to send the match to penalties.Holders Nantes and Toulouse reached the semi-finals earlier on Wednesday."", 'Nantes claimed a 2-1 win over Lens thanks to two penalties from Andy Delort while Toulouse crushed Ligue 2 club Rodez AF 6-1 at home.Goals by forwards Bradley Barcola and Jeffinho helped Lyon beat second-tier side Grenoble 2-1 on Tuesday.Ligue 1 leaders Paris St Germain went out of the tournament after a 2-1 loss at Marseille last month.']"
78,https://www.channelnewsasia.com/sport/abde-goal-gives-osasuna-first-leg-win-against-bilbao-copa-del-rey-3317026,"['PAMPLONA, Spain : Moroccan forward Ez Abde scored from a quick counter-attack early in the second-half to give Osasuna a 1-0 home win over Athletic Bilbao in an ill-tempered Copa del Rey semi-final first leg on Wednesday.Both teams will meet again in Bilbao on April 4 with the winner to face either Real Madrid or Barcelona, who will play their semi-final first-leg on Thursday.The Basque Country rivals played out a bruising encounter on a freezing night in Pamplona, with neither side showing much quality in the final third while six players were booked as tempers flared.Osasuna were the better side for large parts of the match but almost fell behind early in the first half when an Iker Muniain strike from the edge of the area deflected off a defender and wrongfooted the goalkeeper who managed to make a desperate goalline save with his boot.Osasuna took advantage of one of their few opportunities, breaking the deadlock two minutes after the break in a lightning-fast counter-attack led by Abde.The Barcelona academy player, who is on a loan at Osasuna, ran down the left channel, dribbled past a defender and slotted a precise shot just inside the left post.']"
79,https://www.channelnewsasia.com/sport/fa-cup-quarter-final-draw-3317021,['LONDON : FA Cup quarter-final draw made on Wednesday.Manchester City v BurnleyManchester United v FulhamBrighton and Hove Albion v Grimsby TownSheffield United v Blackburn RoversTies to be played between March 17-19']
80,https://www.channelnewsasia.com/sport/man-united-fight-back-win-spurs-and-southampton-out-3317016,"['""Just delighted for the players.', 'Look at what that means to the support.', 'We turned up, hoping for a miracle and to be in the quarter-final is incredible.']"
81,https://www.channelnewsasia.com/sport/formula-one-statistics-bahrain-grand-prix-3316861,"[""Statistics for Sunday's season-opening Bahrain Formula One Grand Prix at the Sakhir circuit:Lap distance: 5.412km. Total distance: 308.238km (57 laps)2022 winner: Charles Leclerc (Monaco) Ferrari2022 pole: Leclerc."", 'One minute 30.558 seconds2022 fastest race lap: Leclerc, 1:34.570.Lap record: 1:31.447 seconds, Pedro de la Rosa(Spain), McLaren 2005.Start time: 1500 GMT (1800 local)BAHRAINThe race, on the site of a former camel farm south of the capital Manama, is now in its 19th edition after starting in 2004 as the first grand prix in the Middle East.', 'It was not held in 2011 due to social unrest.The track offers one of the most abrasive surfaces of the season and tyre degradation is high.Hamilton is the most successful driver at the race with five wins at Sakhir, all with Mercedes.']"
82,https://www.channelnewsasia.com/sport/prop-haouas-suspended-frances-remaining-six-nations-fixtures-3316721,"['""After reviewing all the evidence, the committee ... applied World Rugby\'s mandatory minimum mid-range entry point for foul play resulting in contact with the head.', 'This resulted in a starting point of a six week suspension,"" the statement added.', '""Defending champions France, who are fourth in the standings, next face England at Twickenham on March 11.']"
83,https://www.channelnewsasia.com/sport/police-confirm-potential-top-5-draft-pick-jalen-carter-will-turn-himself-3316416,"['Evidence indicate shortly before the crash the Expedition was traveling about 104 miles per hour.', ""The toxicology report indicated that LeCroy's blood alcohol concentration was .197 at the time of the crash."", '""Police said Carter also was ticketed in September for driving 89 mph in a 45 mph zone.-Field Level Media']"
84,https://www.channelnewsasia.com/sport/barcelona-earn-gutsy-1-0-win-real-semi-final-first-leg-3320721,"['MADRID: A tenacious Barcelona frustrated Real Madrid to secure a 1-0 win over their bitter rivals in an ill-tempered Copa del Rey semi-final first leg on Thursday.The visitors defended superbly after Real centre back Eder Militao scored an own goal in the first half, managing to overcome the loss of key players like Robert Lewandowski, Pedri and Ousmane Dembele who missed the game due to injuries.Barca earned a much-needed win after arriving in the Spanish capital under pressure having been knocked out of the Europa League and losing at lowly Almeria to halt a seven-game winning streak in LaLiga.', '""We would have liked to have the ball more, to control de game a little more but we fought hard and competed in a high level.', 'They had the ball but didn’t create many chances.']"
85,https://www.channelnewsasia.com/sport/flawless-djokovic-downs-hurkacz-reach-dubai-semi-finals-3320231,"['""I think he\'s got one of the best serves in the game.', ""In the second set, until the 11th game I didn't have too many chances against his serve."", '""Fortunately for me, I also found the rhythm on my serve... one or two points can decide the winner in matches like these.']"
86,https://www.channelnewsasia.com/sport/south-africas-pistorius-parole-girlfriends-murder-3319566,"['JOHANNESBURG: South African Paralympic champion Oscar Pistorius, who killed his girlfriend 10 years ago, will know in about a month whether he will be released on parole, his lawyer said on Thursday (Mar 2).', '""We have been advised by the parole board that (the) hearing will take place on the 31st of March, 2023,"" his lawyer Julian Knight told AFP.', 'Pistorius has served more than half.A decision is usually known the same day of the parole hearing or a day later, and ""if the decision is negative, the offender has the right to approach the courts for review,"" said Knight.A year before killing Steenkamp, Pistorius became the first double-amputee to race at the Olympics at the London 2012 games.He was initially sentenced to six years in jail but the sentence was later lengthened to 13 after the state appealed that it was unduly lenient.']"
87,https://www.channelnewsasia.com/sport/alonso-privileged-have-raced-longer-piastris-age-3320381,"[""Piastri was born in the same city on April 6 of that year.While Piastri makes his debut, the race will be Alonso's record-extending 356th F1 start."", '""Privileged to still drive here, better than ever.', 'I feel like I\'ve laid a good foundation and a base to work from so I\'m relatively relaxed heading into tomorrow,"" said Williams\' US newcomer Logan Sargeant.']"
88,https://www.channelnewsasia.com/sport/unwanted-record-bavuma-test-debut-triumph-3320041,"['“We did not get many partnerships.', 'The wicket did not get easier, there was variable bounce,” said Bavuma.', ""“It wasn't the best wicket,” said the South African paceman, “but we made sure to keep up a good intensity and do well.”""]"
89,https://www.channelnewsasia.com/sport/f1-duty-bound-raise-awareness-says-hamilton-3320161,"['""That view has not always been shared within the sport, whether its teams or people in high-powered positions, but more needs to be done without doubt.', '""It’s definitely not good ... there are a lot of women out there that are watching Drive to Survive that are watching the sport.', 'We need everybody to be doing that up and down the pitlane because 100 per cent girls and women belong here equally as much as the men do.""']"
90,https://www.channelnewsasia.com/sport/hamilton-calls-out-hill-and-button-over-contract-comments-3320056,"['""It\'s never helpful, and you would have thought that they would both know me by now,"" he added.', '""I have been with Mercedes since I was 13... and whether or not we have a difficult year this year, I will still be here.', '""I knew from the moment I drove the car where we were and the challenges we would be facing,"" he said.']"
91,https://www.channelnewsasia.com/sport/barcelona-renegotiate-deal-finance-stadium-revamp-3320101,"['MADRID: Barcelona are renegotiating the terms of a €1.5 billion (US$1.59 billion) financial plan with Goldman Sachs to revamp their stadium and may have to repay the debt five years earlier than anticipated, according to a rating agency and a high-level club source.Barcelona approved a 35-year debt plan in a referendum of club members in 2021 that would enable them to renovate their iconic but languishing Camp Nou stadium and its surroundings.The preliminary debt structure has been revised, the Kroll Bond Rating Agency (KBRA) said in reports published on its website, with Barca to make a final repayment in 2047 instead of 2052 as previously agreed..The original plan represented the only source of funding for the Nou Camp project.', ""Under the amended structure, notes would be issued for €1.3 billion, with the remainder of the deal made up of a 200 million euros bank loan maturing in 2028, the KBRA report said.KBRA said the revised structure included additional refinancing and interest rate risk and as a result it had downgraded the financing plan's rating from BBB+ to BBB, meaning it is less attractive to investors.A source at the club confirmed the revised debt structure but said the terms of the deal were still being negotiated with Goldman Sachs and that the definitive deal would be announced by Mar 31.Goldman Sachs has not replied to a request for more information about the ongoing talks and the new terms.Camp Nou is the largest football stadium in Europe and the fourth largest in the world by capacity with 99,354 seats but the club considers it no longer offers a full match-day experience for fans.The club estimates the new stadium will allow Barca to generate 200 million euros of additional revenue annually through sponsorship and naming rights, ticketing, catering, VIP boxes, hospitality, meetings and events.Barcelona have announced that Turkish construction company Limak will carry out the renovation and work will start in June.Club president Joan Laporta, who presided over one of Barca's most successful periods from 2003 to 2010, was re-elected two years ago after the previous board resigned due to the club's worsening finances and other issues.He inherited a club deep in a financial crisis exacerbated by the COVID-19 pandemic."", ""Restricted by LaLiga's Financial Fair Play (FFP) rules, Barca were unable to agree a new deal with club great Lionel Messi, who left as a free agent to Paris St Germain in 2021.Since then Laporta has tried to improve the club's financial situation, turning the club's assets into cash and bringing in new sponsors.In March 2022, the club signed a shirt and stadium sponsorship deal with audio streaming platform Spotify (SPOT.N) in an agreement worth 280 million euros.Barca have also agreed to sell a 25 per cent stake in their La Liga TV rights for the next 25 years to US private equity group Sixth Street for 607.5 million euros and approved the sale of a minority share of their audio-visual division to Socios.com and Orpheus Media for 200 million.""]"
92,https://www.channelnewsasia.com/sport/englands-brook-swaps-bazball-baseball-3321491,"['""I\'m intrigued to see how different it is to cricket and what similarities there are too - will a home run feel as good as hitting a six?""', 'Brook said in an MLB news release on Thursday.', '""I\'m also excited to learn from how other professional sportspeople go about their game and see if there are any transferable skills between batting in baseball and cricket.']"
93,https://www.channelnewsasia.com/sport/czech-olympian-nash-cleared-doping-after-dog-medicine-defence-3321131,"['""She was administering the medication orally to her dog each day during the final weeks of her pet’s life in an effort to maintain weight,"" USADA said in a statement.Due to the difficulty of administering the medication Nash came into contact with it via her hands.', '""If there is no question that an athlete comes into contact with a prohibited substance from a completely innocent source and there is no effect on performance, USADA continues to advocate that there should not be a violation or a public announcement,” he said.', '""The rules must change and all of us must wake up and demand a more fair and just global anti-doping system that catches and sanctions intentional cheats who rob clean athletes but does not railroad innocent athletes.""']"
94,https://www.channelnewsasia.com/sport/ac-milan-owner-says-serie-should-steer-clear-outside-investment-3320416,"['""I\'m not a buyer of that, I\'m not a supporter of that,"" he told the Financial Times Business of Football Summit.', '""Why mortgage your future?,"" added the former Goldman Sachs banker.', '""We can be self-sufficent ourselves.']"
95,https://www.channelnewsasia.com/sport/english-clubs-spending-more-after-brexit-changed-immigration-system-masters-3320401,"['""That\'s certainly not the only reason why lots of money and records are being broken in the Premier League transfer window, but it\'s a contributing factor.', '""The UK Home Office has a points-based Government Body Endorsement (GBE) system based on which clubs must apply to England\'s Football Association to sign players.', '""I\'m not here to defend the new owners who have owned the club for less than a year and had two transfer windows,"" Masters said.']"
96,https://www.channelnewsasia.com/sport/rfu-seeks-community-support-implement-tackle-height-guidelines-3320286,"['""The RFU is seeking the support of the community game to implement change in a way that ensures rugby remains the sport we all know and love,"" the RFU said in a statement on Thursday.', '""In addition to the survey, there will also be a series of online and face-to-face consultations across the country.', 'The RFU has been working with constituent bodies to ensure the consultation reaches a broad and representative cross-section of people...""After external analysis of all the data, the feedback will be taken back to the RFU Council to determine the way forward.']"
97,https://www.channelnewsasia.com/sport/messi-were-waiting-you-threat-left-after-attack-family-business-3320166,"['""I spoke (with the Roccuzzos) and they are worried,"" Javkin told reporters outside the supermarket that was attacked.Television images showed bullet casings on the sidewalk where the business belonging to Roccuzzo\'s family is located.', ""Argentina face Panama on March 23 in the capital Buenos Aires and on Mar 28 they play in the province of Santiago del Estero against Curacao.The matches will be the team's first in Argentina since the World Cup."", 'Coach Lionel Scaloni has not yet named his squad.']"
98,https://www.channelnewsasia.com/sport/argentina-schedule-first-home-friendlies-after-world-cup-triumph-3320061,"[""BUENOS AIRES: Argentina will play their first matches since lifting the World Cup in December with friendlies later this month against Panama and Curacao, the country's soccer federation said on Thursday."", '""Lionel Scaloni\'s team will play on March 23 at the Monumental stadium and on March 28 at the Madre de Ciudades in Santiago del Estero,"" the Argentine FA (AFA) said on Twitter.It will be the first time Argentina have played in front of their home fans since beating France in a penalty shootout to win the World Cup in Qatar after a 36-year wait to claim the trophy, sparking massive celebrations all over the country.According to local media reports, captain Lionel Messi and the rest of the world champions are expected to be in the squad.The announcement comes three days after the AFA said coach Lionel Scaloni had renewed his contract until 2026.', 'He will name his squad for the two friendlies this weekend.']"
99,https://www.channelnewsasia.com/sport/premier-league-must-re-examine-newcastle-takeover-says-amnesty-international-3319976,"['""PIF is chaired by Saudi Prime Minister Mohammed bin Salman.', ""Six of the other eight board members are Saudi government ministers, according to PIF's website, while one is Advisor at the Royal Court and Al Rumayyan is Governor of the PIF."", '""It was always stretching credulity to breaking point to imagine that the Saudi state wasn\'t directing the buyout of Newcastle with the ultimate aim of using the club as a component in its wider sportswashing efforts,"" Amnesty\'s Frankental was quoted as saying by the BBC.']"
100,https://www.channelnewsasia.com/sport/raducanu-and-thiem-get-miami-open-wild-cards-3319861,"[""Former-U.S. Open champions Emma Raducanu and Dominic Thiem have been handed wild card entries into the Miami Open, the tournament said on Thursday.Raducanu, winner at Flushing Meadows in 2021, also required a wild card to get into next week's event in Indian Wells after an injury plagued start to the season.The British number one has not played since injuring her ankle at the Australian Open and was forced out of the ATX Open in Austin after contracting tonsillitis.Thiem, the 2020 U.S. Open champion who was once ranked as high world number three, has also had his injury struggles this year with the 29-year-old Austrian collecting just one singles win this season."", '""Both these players have shown what it takes to win the biggest tournaments in the world, and we look forward to welcoming them to Miami to compete for the title here in a few short weeks,"" said tournament director James Blake.The Miami Open runs from March 19 to April 2.']"
101,https://www.channelnewsasia.com/sport/napoli-face-challenge-against-impressive-lazio-defence-3319846,"['""(They are) displaying the mindset and the spirit you need as a squad if you want to come out on top in every game.', '""Juventus are on the rise again after a 15-point deduction related to the club\'s transfer dealings saw them plunge from third to 10th place.', '""We can’t seem to maintain the same level of concentration and determination playing every two and a half days,"" he said after Sunday\'s 1-0 loss at Bologna.']"
102,https://www.channelnewsasia.com/sport/conte-nominated-manager-month-despite-overseeing-only-one-game-3319731,"[""Tottenham Hotspur manager Antonio Conte has been nominated for the Premier League Manager of the Month award for February despite overseeing only one game, a 4-1 defeat by Leicester City.The Italian has been recovering from a gallbladder surgery, making a quick return for the Leicester game in mid-February before being told to rest and recover again.Conte's assistant Cristian Stellini took temporary charge of the team and they flourished under his compatriot as Spurs beat Manchester city, West Ham United and Chelsea to move up to fourth in the standings."", '""Despite only being able to attend one Tottenham Hotspur match in February while recovering from gallbladder surgery, Conte was heavily involved from afar, helping make decisions and planning training sessions led by assistant coach Cristian Stellini,"" the league said.Conte has been nominated alongside Fulham boss Marco Silva and Manchester United manager Erik ten Hag.Stellini said before Wednesday\'s fifth-round FA Cup defeat at Sheffield United that Conte should return this week.', 'Spurs travel to Wolverhampton Wanderers on Saturday.']"
103,https://www.channelnewsasia.com/sport/chelsea-beat-dortmund-2-0-reach-champions-league-quarters-3332561,"[""LONDON : A first-half goal from Raheem Sterling and a controversial penalty by Kai Havertz overturned a first-leg deficit on Tuesday and propelled Chelsea into the Champions League quarter-finals with a 2-1 aggregate win over Borussia Dortmund.Just as they had in Germany three weeks ago when Dortmund won 1-0, 2021 champions Chelsea squandered chance after chance in the first half, with Germany's Havertz hitting the post."", ""But in the 43rd minute Ben Chilwell crossed into the box and found England team mate Raheem Sterling.Sterling airkicked his first effort, then sidestepped Marco Reus and sent his second high into the net to put the teams level on aggregate.Early in the second half a Chilwell cross smacked into the outstretched hand of defender Marius Wolf and Dutch referee Danny Makkelie gave the penalty after being called to the VAR screen.Havertz hit the keeper's left hand post and play resumed for a few seconds until VAR alerted Makkelie that Dortmund players had encroached into the area."", ""Havertz retook the kick and sent the ball the same way but this time it squeezed inside the post for a 53rd-minute strike.It was Dortmund's first defeat following wins in their previous 10 matches and a boost for Chelsea, who have struggled for form under Graham Potter since the turn of the year.""]"
104,https://www.channelnewsasia.com/sport/brilliant-benfica-crush-brugge-reach-champions-league-last-eight-3332531,['LISBON: Clinical Benfica thrashed shell-shocked Club Brugge 5-1 to knock them out of the Champions League and reach the quarter finals 7-1 on aggregate at the Estadio da Luz on Tuesday (Mar 7).Benfica took the lead in the 38th minute through Rafa Silva who dribbled past two defenders and fired a left foot strike into the net after a counter-attack started by Goncalo Ramos who sped up the left channel before crossing to the far post.Ramos then scored either side of the break before Joao Mario extended the lead with a penalty in the 71st minute.Substitute David Neres grabbed the fifth six minutes later before Bjorn Meijer got a consolation Brugge in the 87th.']
105,https://www.channelnewsasia.com/sport/milans-serie-setback-wont-affect-trip-spurs-says-pioli-3332336,"['""This is a different story compared to Florence, but also compared to the first leg,"" Pioli told a news conference on Tuesday.', '""I expect a different attitude from them... Tottenham will probably try to attack more than at San Siro.', 'We have a very small advantage but we cannot think of managing it,"" he added.']"
106,https://www.channelnewsasia.com/sport/doctors-feared-i-would-miss-several-races-says-stroll-3332221,"['""To this day I am convinced the urgency Dr Mir showed to me helped get me to Bahrain.', '""Stroll said Mir also explained that fractures in his left wrist and hand could not be fixed and needed ""a more conservative approach"".', '""Once the cast came off on day four it became possible we had a chance of racing in Bahrain.']"
107,https://www.channelnewsasia.com/sport/watford-sack-bilic-after-five-months-charge-appoint-wilder-until-end-season-3332041,"['""We are all ambitious to succeed this season, so something new is needed quickly while the opportunity of promotion is still real,"" Watford technical director Ben Manga told the club website.', '""With the January transfer window over, to change coach is the only option available to re-energise for the final games ahead.', 'He was most recently manager at Middlesbrough.']"
108,https://www.channelnewsasia.com/sport/uefa-refund-liverpool-fans-champions-league-paris-stadium-chaos-real-madrid-3331246,"[""Although UEFA initially blamed the Merseyside club's fans for the mayhem, the governing body later apologised following the release of an independent review."", '""With a promise to reimburse supporters, UEFA have gone some way to acknowledge their part in the fiasco,"" they said.', '""UEFA said Real Madrid fans and neutral supporters who meet the refund criteria will be processed via their customer service.']"
109,https://www.channelnewsasia.com/sport/ferrari-put-reliability-top-do-list-3331336,"['""Overall I would say the picture is not the one expected before the race,"" Vasseur told reporters.', '""We never had the same issue on the dyno throughout the winter,"" he added.', '""I never saw a car able to match the pace of another one in quali and to not be able to in the race,"" said Vasseur.']"
110,https://www.channelnewsasia.com/sport/tottenham-manager-conte-says-he-underestimated-recovery-period-after-gallbladder-surgery-3331501,"[""Now I'm well, I've recovered energy and I have to recover weight but for the rest my feeling is good."", '""It\'s important for me to work with my players and the staff and prepare for the games.', 'To be present is totally different and for this reason I have to say thanks to my whole staff.']"
111,https://www.channelnewsasia.com/sport/fifa-us-soccer-must-face-antitrust-lawsuit-us-appeals-court-3332061,"['Circuit Court of Appeals in Manhattan said Relevent Sports LLC, a sports promoter controlled by billionaire Miami Dolphins American football team owner Stephen Ross, plausibly alleged that the October 2018 ban unlawfully restricted competition.', '""The case is Relevent Sports LLC v U.S. Soccer Federation Inc et al, 2nd U.S.', 'Circuit Court of Appeals, No. 21-2088.']"
112,https://www.channelnewsasia.com/sport/pitch-intrigue-adds-drama-ahead-ahmedabad-finale-3333761,"['""Conditions are there for us to play and you got to find your ways to score your runs on whatever pitches you play on.', '""Not putting enough runs on the board in the first innings is probably what cost us the game,"" Rohit said.', '""You got bring out your best skills and play your best cricket to win the game.""']"
113,https://www.channelnewsasia.com/sport/floridas-desantis-urges-biden-let-unvaccinated-djokovic-enter-us-miami-open-3333531,"[""Florida Senator Rick Scott said that U.S. officials had denied Djokovic's request."", '""This denial is unfair, unscientific and unacceptable,"" DeSantis wrote in a letter to Biden on Tuesday.', ""It's time to put pandemic politics aside and give the American people what they want - let him play.""]"
114,https://www.channelnewsasia.com/sport/wales-players-struggling-six-nations-amid-contract-row-faletau-3333481,"['They play away against Italy on Saturday.', '""It is just unfortunate, and the situation we are all in at the moment is not great for anyone involved,"" number eight Faletau told British media on Tuesday.', '""It\'s just a tough time we are stuck in at the moment.']"
115,https://www.channelnewsasia.com/sport/wpl-will-challenge-big-bash-best-womens-t20-league-healy-3333301,"['""The WBBL has been the envy of women\'s cricket for eight years now, but there\'s no denying the WPL will put pressure on our domestic competition,"" Healy wrote in her column on Cricket Australia\'s website on Wednesday.', '""It\'s not all about money, but players in the WPL are earning more for a three-week competition than they are playing for their country for 12 months of the year.', '""Healy added that Australia needed to start considering franchise cricket as an ""entertainment proposition"".']"
116,https://www.channelnewsasia.com/sport/new-south-korea-coach-klinsmann-targets-asian-cup-title-3333246,"['They have already qualified for the 2023 tournament in Qatar, which has been delayed until January.', '""Our goal is to win the Asian Cup next year,"" Klinsmann told reporters, reeling off the names of previous South Korea coaches and their recent successes.', 'South Korea also dumped former champions Germany out of the group stages in the 2018 World Cup.']"
117,https://www.channelnewsasia.com/sport/savea-has-accepted-throat-slitting-sanction-hurricanes-coach-3333046,"['When he was sitting in the sin bin for 10 minutes (he knew) it was something he shouldn’t have done,"" Hurricanes coach Jason Holland told New Zealand media.', '""I’m aligned with him on that and to get the one-week sanction is the way it is and we accept it.', '""Ardie was sorry and we just have to get on with accepting that and get on with what comes next.']"
118,https://www.channelnewsasia.com/sport/havertzs-penalty-re-take-joke-says-bellingham-dortmund-crash-out-3332996,"['""I\'m not sure what more he can do with his hand,"" Bellingham told BT Sport, referring to Wolf.', '""That in itself was disappointing and the fact that they\'ve had a retake, I think it\'s a joke.', '""If a decision takes about five or six minutes then it\'s not easy to make a call,"" Terzic said.']"
119,https://www.channelnewsasia.com/sport/games-calgary-and-edmonton-explore-games-bid-after-hamilton-drops-out-3333001,"['""Commonwealth Sport Canada set an early deadline for provincial financial support and the province simply didn’t have sufficient time to make a commitment,"" Hamilton100 bid chief Louis Frapporti told Reuters on Tuesday.', '""As a consequence Commonwealth Sport Canada jumped to Alberta, where they were prepared to make an early commitment to support the funding of bid preparation.', '""Our provincial stakeholders remain interested in advancing a bid in the event that Alberta doesn’t get it across the line.']"
120,https://www.channelnewsasia.com/sport/im-still-here-says-potter-after-chelsea-beat-dortmund-3332766,"['""Things are never bad forever, thankfully.', 'They were amazing tonight, they helped us on Saturday and they helped us this evening,"" Potter said.', '""So it\'s brilliant for everyone connected with the club.']"
121,https://www.channelnewsasia.com/sport/time-more-women-uefas-top-table-says-norways-klaveness-3332711,"['""I think it\'s time, and it\'s an important step ...', 'I think that, if we want diversity down the (football) pyramid, we need to walk the walk at the top level,"" she said.', '(Editing by Toby Davis)']"
122,https://www.channelnewsasia.com/sport/ukraines-ryzhykova-fighting-best-way-she-can-track-3332701,"['""By participating in competitions, we do not let the world forget about such a country as Ukraine.', 'But I still continue to train and still continue to show good results to help my country.', '""I can\'t even imagine how to be near the person who supports the war or keeps silent.']"
123,https://www.channelnewsasia.com/sport/world-athletics-renews-funding-ukrainian-athletes-3332706,"['""I hope no one ever feels this despair,"" said Ryzhykova, who was fifth in the 400 metres hurdles at the 2020 Tokyo Olympics and won Olympic bronze in the 4x400 relay in 2012 in London.', '""In today\'s world, it is not enough to provide equal opportunity, we must provide equity,"" he said in a statement.', '""In order to achieve true equity in our sport, it is important that we offer our female athletes, administrators, and officials the tools and environment they need to be empowered to pursue careers at all levels of athletics.""']"
124,https://www.channelnewsasia.com/sport/steely-milan-edge-tottenham-reach-champions-league-quarters-3335581,"['""We knew it would be tough, but we managed.', 'We never gave up, and we deserved to progress,"" Pioli said.', '""We made it to the quarters, now let\'s see what happens in the draw.']"
125,https://www.channelnewsasia.com/sport/choupo-moting-strikes-bayern-cruise-past-psg-3335536,"['The Spaniard also headed wide a little later but their hopes were shattered when Gnabry completed a quick break in the 89th minute.', '""The best team won,"" PSG\'s Danilo said.', 'If we want to improve we have to stick together.""']"
126,https://www.channelnewsasia.com/sport/chelsea-beat-brighton-3-1-set-wsl-showdown-man-united-3335486,"[""LONDON: Chelsea's Guro Reiten scored from the spot and Johanna Rytting Kaneryd got her first goal for the club as they beat Brighton & Hove Albion 3-1 on Wednesday ahead of a top-of-the-table Women's Super League clash with Manchester United on Sunday.United, who top the standings on 35 points from 14 games, travel to Chelsea with a one-point lead, but the Blues have a game in hand and a victory for either side could give them a huge advantage as the title race hots up.Norway international Reiten fired home a penalty low to the keeper's right to give Chelsea the lead in the 12th minute after Sam Kerr was fouled in the box, and Jess Carter doubled the home side's advantage nine minutes later.Kerr fluffed her lines in the 67th minute, missing a great chance after Reiten threaded a beautiful ball through to her, but she made amends by setting up Rytting Kaneryd for a tap-in five minutes later, the Swede's first goal for the Blues.Outclassed in the first half, Brighton battled back in the second and though substitute Danielle Carter scored late on, the defeat leaves them second from bottom in the table on eight points, two ahead of Leicester City.In the evening's other game fourth-placed Arsenal, who beat Chelsea in the Women's League Cup final on Sunday, cruised to a 2-0 win over Liverpool, with Stina Blackstenius and Caitlin Foord netting the goals.""]"
127,https://www.channelnewsasia.com/sport/nothing-impossible-pioli-says-milan-reach-champions-league-quarters-3335741,"['""I like to think there’s nothing impossible in sport,"" Pioli said.', '""We’ll be paired with a great opponent, but Tottenham are a big team too and we can always have our say.', 'Now we need to focus on Serie A, where we have some lost ground to make up.']"
128,https://www.channelnewsasia.com/sport/contes-casts-doubt-spurs-future-champions-league-woes-go-3335751,"['At the end of the season, assessments will be made with the club in the most serene way,"" he said.', '""We played in the Europa Conference League last year and weren\'t able to get out of the group stages.', 'Now we took a step forward but it is not enough and if we want to be competitive,"" he said.']"
129,https://www.channelnewsasia.com/sport/psgs-galtier-rues-early-missed-chances-bayern-defeat-3335706,"['""""I don\'t know if it\'s a lesson to be learned, but there\'s a lot of frustration.', 'Yes, there was pressure from Bayern, but sometimes you mustn\'t be ashamed to play it long to get over the pressing,"" Galtier said.', 'I\'m focused to the end of the season with a lot of energy and determination.""']"
130,https://www.channelnewsasia.com/sport/arteta-wont-rush-jesus-back-arsenal-ahead-sporting-clash-3335561,"['""Their strength is the idea of the manager, which is very clear.', '""We watched many of their matches v Tottenham and the big teams in Portugal.', 'We need to be at our best to win this match.""']"
131,https://www.channelnewsasia.com/sport/dominant-rahm-headlines-stacked-field-players-championship-3335011,"['""I mean, winning this event is a big step forward to a Hall of Fame career,"" Rahm told reporters.', 'Arguably as close as you can get to being a major champion without officially being one.', 'It\'s nice to have that,"" said Homa, who moved to a career-best seventh in the world rankings this week.']"
132,https://www.channelnewsasia.com/sport/woods-ex-girlfriend-asks-judge-nullify-non-disclosure-agreement-3335721,"['She did not accuse Woods specifically of harassment or assault in court papers.', 'The cover sheet did not say who such allegations might concern.Hodas did not immediately respond to a request for comment.Woods and Herman have not recently addressed the status of their relationship.', 'The two have not been seen publicly together since August when they attended the US Open tennis tournament in New York.']"
133,https://www.channelnewsasia.com/sport/number-one-swiatek-learning-live-target-her-back-3335846,"['""I feel like there is a little bit of a target on my back, which I didn\'t feel last year.', 'So it\'s a different situation and I have to adjust to that,"" she told reporters at Indian Wells on Wednesday.', '""On the other hand I\'ve been number one for almost a year so I already have enough experience to deal with it.']"
134,https://www.channelnewsasia.com/sport/games-alberta-explore-commonwealth-games-bid-trouble-looms-3335831,"['""It is my distinct pleasure to announce that Alberta has been selected as Commonwealth Sport Canada\'s preferred candidate to bid for the 2030 Commonwealth Games.', '""We will be working with our government partners to come to a conclusion as to whether or not we advance a bid.', '""I don\'t know where things are going to land through the exploration so not sure yet it will require a plebiscite,"" said Gondek.']"
135,https://www.channelnewsasia.com/sport/netflix-stars-say-series-shows-ups-and-downs-pro-game-3335501,"['""I was quite angry honestly because the court crew wouldn\'t let us warm up before the match,"" Ruud said.', '""I don\'t know if it was good or not but Netflix was there catching it all.', '""Canada\'s Auger Aliassime feels the impact of the show most acutely in the U.S., where Netflix has its biggest market.']"
136,https://www.channelnewsasia.com/sport/pogba-fitness-be-assessed-ahead-europa-league-clash-says-allegri-3335416,"['""Yesterday Pogba did a good training session, today he rested, tomorrow morning we will know if he is available.', '""Tomorrow we want to lay the foundations for the second leg,"" he added.', '""They are physically strong, they are fifth in Germany, they are unbeaten in Europe.']"
137,https://www.channelnewsasia.com/sport/hamilton-says-mercedes-did-not-listen-him-3335296,"['I said the issues that are with the car,"" Hamilton told BBC Radio 5 Live\'s Chequered Flag podcast.', '""I\'ve driven so many cars in my life so I know what a car needs.', ""Aston Martin's Fernando Alonso was third in a car powered by a Mercedes engine.""]"
138,https://www.channelnewsasia.com/sport/chelsea-example-how-handle-player-pregnancies-says-leupolz-3335286,"['""Chelsea were doing much more than they had to do and that\'s why I\'m really thankful,"" Leupolz told Sky Sports.', '""Emma (Hayes) has a child herself and she knows what\'s important.', '""Other clubs should take Chelsea as an idol and ask questions about how we did it because, in my experience, they were super.']"
139,https://www.channelnewsasia.com/sport/psv-fan-handed-two-month-prison-sentence-attack-sevilla-keeper-3335226,"[""A PSV Eindhoven supporter was sentenced to two months in prison on Wednesday after attacking Sevilla goalkeeper Marko Dmitrovic during a Europa League match last month.The 20-year-old was handed a three-month sentence with one month suspended by the East Brabant District Court.The match in Eindhoven was halted in the closing stages after the supporter ran on to the pitch and assaulted Dmitrovic, punching him in the face before being wrestled to the ground by the Serbian.The man was serving a national stadium ban until 2026 imposed by the Dutch football association, but entered the ground with a ticket bought for him by a friend, PSV said.He was also banned from being anywhere near the Philips Stadium when PSV play home matches for the next two years.Sevilla lost the knockout stage playoff second leg 2-0 but advanced to the next round with a 3-2 aggregate victory over PSV.European soccer's governing body UEFA is investigating the attack.""]"
140,https://www.channelnewsasia.com/sport/bayern-fined-offensive-banner-crowd-disturbances-psg-win-uefa-3335131,"['Bayern Munich have been fined 44,750 euros ($47,193) after their fans unfurled an offensive banner and caused disturbances during their Champions League match against Paris St Germain last month, European soccer\'s governing body UEFA said on Wednesday.Bayern beat PSG 1-0 at Parc de Princes in the first leg of their Champions League last-16 tie where the German club\'s supporters displayed a banner that contained an expletive in a protest against high ticket prices for the match.UEFA rules prohibit ""provocative messages that are of a political, ideological, religious or offensive nature.', '""Bayern were also fined for crowd disturbances after masked supporters were seen clashing with the police and for letting off pyrotechnics.PSG were fined 39,500 euros for blocking passageways at the Parc des Princes stadium, while their fans also lit fireworks.']"
141,https://www.channelnewsasia.com/sport/bbcs-lineker-refuses-budge-conflict-ideals-3335106,"['Lineker described the policy as ""beyond awful"" and ""immeasurably cruel"".Lineker wrote on Twitter that the language used in the proposals was not dissimilar to that of Nazi Germany, forcing the BBC to have a ""frank conversation"" with the presenter after Braverman\'s complaint.Lineker doubled down on Wednesday, saying he would continue to speak for those who had no voice.', '""I have never known such love and support in my life than I\'m getting this morning (England World Cup goals aside, possibly).', 'I want to thank each and every one of you,"" he added on Twitter.Reuters has contacted the BBC for comment.PROLIFIC STRIKERAs a footballer, Lineker\'s poaching instincts made him one of the most prolific strikers in the game, although major silverware eluded him.He made his professional debut for Leicester City in 1978-79 and went on to make over 500 club appearances for the Foxes, Everton, Barcelona, Tottenham Hotspur and Japanese side Nagoya Grampus Eight, scoring nearly 300 goals.He earned his first England cap in 1984 and by the time he retired was the country\'s second-highest scorer with 48 goals, behind Bobby Charlton.']"
142,https://www.channelnewsasia.com/sport/ive-been-subject-smear-campaign-says-france-womens-coach-diacre-3334861,"['I have been the subject of a smear campaign that is astonishing in its violence and dishonesty,"" Diacre said in a statement issued by her lawyer.', '""My detractors have not hesitated to attack my personal and professional integrity, without bothering with the truth, four months before the World Cup.', '""I will not let myself be affected by this destabilisation operation, which does not take into account my sporting record, and which has as its sole objective a personal settlement of scores.']"
143,https://www.channelnewsasia.com/sport/world-sport-leaders-champion-women-iwd-3334826,"['Women they identify with, excelling on the pitch,"" Samoura said in a statement.', '""This will encourage a generation of young girls and women to aim high, to aim big.', 'To advocate for themselves and to take themselves beyond greatness, on the pitch but also, in life.']"
144,https://www.channelnewsasia.com/sport/club-brugge-sack-coach-parker-3334776,"['""Scott Parker is no longer head coach of Club Brugge,"" Brugge said in a statement.', '""The ex-England international previously worked for Fulham and Bournemouth and replaced Carl Hoefkens.', '""Brugge lost 5-1 at Benfica on Tuesday in the second leg of their Champions League last-16 tie to go out 7-1 on aggregate.']"
